{"lr": 0.09656664010414849, "trade_off": 1.7125960221746916, "lr_gamma": 0.001, "lr_decay": 0.25, "momentum": 0.9, "weight_decay": 0.001, "bottleneck_dim": 256}