{"lr": 0.07083645052182495, "trade_off": 0.5308767414437037, "margin": 9.72918866945795, "lr_gamma": 0.001, "lr_decay": 0.25, "momentum": 0.9, "weight_decay": 0.001, "bottleneck_dim": 256}