{"lr": 0.05990598257128396, "trade_off": 0.7340279606636548, "margin": 2.403950683025824, "lr_gamma": 0.001, "lr_decay": 0.25, "momentum": 0.9, "weight_decay": 0.001, "bottleneck_dim": 256}