{"test_acc": 98.5568618774414, "test_loss": 0.04562372341752052, "test_f1": 0.9854254126548767, "test_drift_score": 0.03991110995411873, "test_drift_pvalue": 0.0, "test_a_distance": 1.7468354430379747}