{"lr": 0.094893665171608, "trade_off": 1.948448049611839, "trade_off_bsp": 2.661901888489056e-05, "lr_gamma": 0.001, "lr_decay": 0.25, "momentum": 0.9, "weight_decay": 0.001, "bottleneck_dim": 256}