{"lr": 0.03751655787285152, "trade_off": 1.9260714596148742, "lr_gamma": 0.001, "lr_decay": 0.25, "momentum": 0.9, "weight_decay": 0.001, "bottleneck_dim": 256}