{"test_acc": 98.22048950195312, "test_loss": 0.059271685779094696, "test_f1": 0.9820627570152283, "test_drift_score": 0.00904378667473793, "test_drift_pvalue": 0.0, "test_a_distance": 1.6773960216998192}