{"lr": 0.07714990763392598, "delta": 0.3794828121531109, "num_blocks": 2, "dropout_p": 0.34634762381005185, "trade_off_norm": 0.08644723916168376, "trade_off_entropy": 0.00729227667831634, "weight_decay": 0.001, "bottleneck_dim": 256}