{"test_acc": 98.62196350097656, "test_loss": 0.06618813425302505, "test_f1": 0.9859410524368286, "test_drift_score": 0.011729029007256031, "test_drift_pvalue": 0.0, "test_a_distance": 1.5746835443037974}