{"test_acc": 98.56771087646484, "test_loss": 0.060243502259254456, "test_f1": 0.9856770634651184, "test_drift_score": 0.013776223175227642, "test_drift_pvalue": 0.0, "test_a_distance": 1.5920433996383365}