{"lr": 0.08326101981596214, "trade_off": 0.8185086660174142, "margin": 2.636424704863906, "lr_gamma": 0.001, "lr_decay": 0.25, "momentum": 0.9, "weight_decay": 0.001, "bottleneck_dim": 256}