{"test_acc": 98.57855987548828, "test_loss": 0.045066140592098236, "test_f1": 0.9857856035232544, "test_drift_score": 0.056948304176330566, "test_drift_pvalue": 0.0, "test_a_distance": 1.9030741410488248}