{"test_acc": 98.8498306274414, "test_loss": 0.038822371512651443, "test_f1": 0.9882647395133972, "test_drift_score": 0.06320348381996155, "test_drift_pvalue": 0.0, "test_a_distance": 1.9305605786618445}