{"test_acc": 58.18142318725586, "test_loss": 1.3710999488830566, "test_f1": 0.5675159096717834, "test_drift_score": 0.06657253205776215, "test_drift_pvalue": 0.0, "test_a_distance": 1.949367088607595}